,recipeId,Region,Food Bridging Value,Ingredient Count
0,3010,Chinese and Mongolian,0.0,12
1,3011,Chinese and Mongolian,36.666666666666664,10
2,3012,Chinese and Mongolian,0.0,6
3,3013,Chinese and Mongolian,0.0,3
4,3014,Chinese and Mongolian,111.0,12
5,3015,Chinese and Mongolian,0.0,9
6,3016,Chinese and Mongolian,60.0,8
7,3017,Chinese and Mongolian,0.0,9
8,3018,Chinese and Mongolian,38.0,5
9,3019,Chinese and Mongolian,0.0,10
10,3020,Chinese and Mongolian,40.0,8
11,3021,Chinese and Mongolian,0.0,9
12,3022,Chinese and Mongolian,32.0,12
13,3023,Chinese and Mongolian,0.0,10
14,3024,Chinese and Mongolian,0.0,15
15,3025,Chinese and Mongolian,32.0,7
16,3026,Chinese and Mongolian,0.0,8
17,3027,Chinese and Mongolian,55.666666666666664,11
18,3028,Chinese and Mongolian,94.2,10
19,3029,Chinese and Mongolian,0.0,5
20,3030,Chinese and Mongolian,0.0,8
21,3031,Chinese and Mongolian,86.16666666666667,14
22,3032,Chinese and Mongolian,0.0,7
23,3033,Chinese and Mongolian,0.0,5
24,3034,Chinese and Mongolian,59.666666666666664,9
25,3035,Chinese and Mongolian,0.0,3
26,3036,Chinese and Mongolian,0.0,3
27,3037,Chinese and Mongolian,40.666666666666664,9
28,3038,Chinese and Mongolian,0.0,5
29,3039,Chinese and Mongolian,0.0,4
30,3040,Chinese and Mongolian,0.0,9
31,3041,Chinese and Mongolian,33.333333333333336,6
32,3042,Chinese and Mongolian,74.5,12
33,3043,Chinese and Mongolian,0.0,4
34,3044,Chinese and Mongolian,32.0,12
35,3045,Chinese and Mongolian,48.333333333333336,12
36,3046,Chinese and Mongolian,32.0,6
37,3047,Chinese and Mongolian,0.0,4
38,3048,Chinese and Mongolian,0.0,7
39,3049,Chinese and Mongolian,97.66666666666667,11
40,3050,Chinese and Mongolian,0.0,8
41,3051,Chinese and Mongolian,0.0,8
42,3052,Chinese and Mongolian,0.0,4
43,3053,Chinese and Mongolian,48.666666666666664,9
44,3054,Chinese and Mongolian,0.0,8
45,3055,Chinese and Mongolian,50.5,8
46,3056,Chinese and Mongolian,103.0,13
47,3057,Chinese and Mongolian,110.06666666666666,14
48,3058,Chinese and Mongolian,0.0,7
49,3059,Chinese and Mongolian,140.57142857142858,10
50,3060,Chinese and Mongolian,72.66666666666667,9
51,3061,Chinese and Mongolian,90.4,10
52,3062,Chinese and Mongolian,66.66666666666667,10
53,3063,Chinese and Mongolian,62.0,13
54,3064,Chinese and Mongolian,0.0,6
55,3065,Chinese and Mongolian,149.26666666666668,12
56,3066,Chinese and Mongolian,200.46428571428572,16
57,3067,Chinese and Mongolian,0.0,8
58,3068,Chinese and Mongolian,122.38095238095238,23
59,3069,Chinese and Mongolian,94.66666666666667,15
60,3070,Chinese and Mongolian,34.0,13
61,3071,Chinese and Mongolian,58.833333333333336,10
62,3072,Chinese and Mongolian,139.46666666666667,15
63,3073,Chinese and Mongolian,33.333333333333336,8
64,3074,Chinese and Mongolian,79.16666666666667,7
65,3075,Chinese and Mongolian,96.0,17
66,3076,Chinese and Mongolian,0.0,9
67,3077,Chinese and Mongolian,0.0,12
68,3078,Chinese and Mongolian,0.0,5
69,3079,Chinese and Mongolian,98.4,23
70,3080,Chinese and Mongolian,0.0,9
71,3081,Chinese and Mongolian,32.0,11
72,3082,Chinese and Mongolian,0.0,8
73,3083,Chinese and Mongolian,72.33333333333333,12
74,3084,Chinese and Mongolian,82.66666666666667,10
75,3085,Chinese and Mongolian,0.0,8
76,3086,Chinese and Mongolian,30.666666666666668,16
77,3087,Chinese and Mongolian,69.5,12
78,3088,Chinese and Mongolian,103.9,11
79,3089,Chinese and Mongolian,68.33333333333333,13
80,3090,Chinese and Mongolian,54.833333333333336,14
81,3091,Chinese and Mongolian,50.666666666666664,7
82,3092,Chinese and Mongolian,102.4,16
83,3093,Chinese and Mongolian,151.26666666666668,16
84,3094,Chinese and Mongolian,109.4,13
85,3095,Chinese and Mongolian,91.16666666666667,23
86,3096,Chinese and Mongolian,32.0,11
87,3097,Chinese and Mongolian,120.6,13
88,3098,Chinese and Mongolian,48.0,7
89,3099,Chinese and Mongolian,73.83333333333333,9
90,3100,Chinese and Mongolian,133.33333333333334,11
91,3101,Chinese and Mongolian,68.0,11
92,3102,Chinese and Mongolian,0.0,10
93,3103,Chinese and Mongolian,82.0,9
94,3104,Chinese and Mongolian,18.666666666666668,22
95,3105,Chinese and Mongolian,106.9,8
96,3106,Chinese and Mongolian,142.2,12
97,3107,Chinese and Mongolian,124.4,13
98,3108,Chinese and Mongolian,120.57142857142857,21
99,3109,Chinese and Mongolian,155.8095238095238,18
